[
  {
    "info": "\u0648\u06cc\u0698\u0647 \u0648\u0631\u0648\u062f\u06cc 1401",
    "course_id": "22015-5",
    "course_number": "22015",
    "name": "\u0631\u06cc\u0627\u0636\u06cc \u0639\u0645\u0648\u0645\u06cc \u06f1",
    "units": 4,
    "capacity": -1,
    "instructor": "\u0645\u062d\u0645\u062f\u0631\u0636\u0627 \u0631\u0632\u0648\u0627\u0646",
    "class_times": "[{\"start\": 15.0, \"end\": 17.0, \"day\": 3}, {\"start\": 15.0, \"end\": 17.0, \"day\": 1}]",
    "id": 52633,
    "exam_time": "22 \u062f\u06cc 1401\u060c 9:00"
  },
  {
    "info": "\u0648\u06cc\u0698\u0647 \u0648\u0631\u0648\u062f\u06cc1401",
    "course_id": "22015-1",
    "course_number": "22015",
    "name": "\u0631\u06cc\u0627\u0636\u06cc \u0639\u0645\u0648\u0645\u06cc \u06f1",
    "units": 4,
    "capacity": -1,
    "instructor": "\u0639\u0644\u06cc\u0631\u0636\u0627 \u0631\u0646\u062c\u0628\u0631\u0645\u0637\u0644\u0642",
    "class_times": "[{\"start\": 13.0, \"end\": 15.0, \"day\": 2}, {\"start\": 13.0, \"end\": 15.0, \"day\": 0}]",
    "id": 52634,
    "exam_time": "22 \u062f\u06cc 1401\u060c 9:00"
  },
  {
    "info": "\u0648\u06cc\u0698\u0647 \u0648\u0631\u0648\u062f\u06cc \u0631\u0634\u062a\u0647 \u0634\u06cc\u0645\u06cc1401",
    "course_id": "22015-7",
    "course_number": "22015",
    "name": "\u0631\u06cc\u0627\u0636\u06cc \u0639\u0645\u0648\u0645\u06cc \u06f1",
    "units": 4,
    "capacity": -1,
    "instructor": "\u0633\u062d\u0631 \u0642\u0627\u062c\u0627\u0631",
    "class_times": "[{\"start\": 8.0, \"end\": 10.0, \"day\": 2}, {\"start\": 8.0, \"end\": 10.0, \"day\": 0}]",
    "id": 52635,
    "exam_time": "22 \u062f\u06cc 1401\u060c 9:00"
  },
  {
    "info": "\u0648\u06cc\u0698\u0647 \u0648\u0631\u0648\u062f\u06cc1401",
    "course_id": "22015-6",
    "course_number": "22015",
    "name": "\u0631\u06cc\u0627\u0636\u06cc \u0639\u0645\u0648\u0645\u06cc \u06f1",
    "units": 4,
    "capacity": -1,
    "instructor": "\u0645\u062d\u0633\u0646 \u062c\u0645\u0627\u0644\u06cc",
    "class_times": "[{\"start\": 10.5, \"end\": 12.5, \"day\": 2}, {\"start\": 10.5, \"end\": 12.5, \"day\": 0}]",
    "id": 52636,
    "exam_time": "22 \u062f\u06cc 1401\u060c 9:00"
  },
  {
    "info": "\u0648\u06cc\u0698\u0647 \u0648\u0631\u0648\u062f\u06cc1401",
    "course_id": "22015-2",
    "course_number": "22015",
    "name": "\u0631\u06cc\u0627\u0636\u06cc \u0639\u0645\u0648\u0645\u06cc \u06f1",
    "units": 4,
    "capacity": -1,
    "instructor": "\u0645\u062d\u0633\u0646 \u062c\u0645\u0627\u0644\u06cc",
    "class_times": "[{\"start\": 8.0, \"end\": 10.0, \"day\": 2}, {\"start\": 8.0, \"end\": 10.0, \"day\": 0}]",
    "id": 52637,
    "exam_time": "22 \u062f\u06cc 1401\u060c 9:00"
  },
  {
    "info": "\u0648\u06cc\u0698\u0647 \u0648\u0631\u0648\u062f\u06cc1401",
    "course_id": "22015-4",
    "course_number": "22015",
    "name": "\u0631\u06cc\u0627\u0636\u06cc \u0639\u0645\u0648\u0645\u06cc \u06f1",
    "units": 4,
    "capacity": -1,
    "instructor": "\u0645\u062d\u0645\u062f\u0631\u0636\u0627 \u0631\u0632\u0648\u0627\u0646",
    "class_times": "[{\"start\": 13.0, \"end\": 15.0, \"day\": 3}, {\"start\": 13.0, \"end\": 15.0, \"day\": 1}]",
    "id": 52638,
    "exam_time": "22 \u062f\u06cc 1401\u060c 9:00"
  },
  {
    "info": "\u0648\u06cc\u0698\u0647 \u0648\u0631\u0648\u062f\u06cc1401",
    "course_id": "22015-3",
    "course_number": "22015",
    "name": "\u0631\u06cc\u0627\u0636\u06cc \u0639\u0645\u0648\u0645\u06cc \u06f1",
    "units": 4,
    "capacity": -1,
    "instructor": "\u0628\u0647\u0645\u0646 \u062e\u0627\u0646\u0647 \u062f\u0627\u0646\u06cc",
    "class_times": "[{\"start\": 15.0, \"end\": 17.0, \"day\": 2}, {\"start\": 15.0, \"end\": 17.0, \"day\": 0}]",
    "id": 52639,
    "exam_time": "22 \u062f\u06cc 1401\u060c 9:00"
  },
  {
    "info": "",
    "course_id": "22016-2",
    "course_number": "22016",
    "name": "\u0631\u06cc\u0627\u0636\u06cc \u0639\u0645\u0648\u0645\u06cc \u06f2",
    "units": 4,
    "capacity": 50,
    "instructor": "\u0633\u06cc\u062f\u0631\u0636\u0627 \u0645\u0642\u062f\u0633\u06cc",
    "class_times": "[{\"start\": 10.5, \"end\": 12.5, \"day\": 2}, {\"start\": 10.5, \"end\": 12.5, \"day\": 0}]",
    "id": 52640,
    "exam_time": "24 \u062f\u06cc 1401\u060c 15:00"
  },
  {
    "info": "",
    "course_id": "22016-1",
    "course_number": "22016",
    "name": "\u0631\u06cc\u0627\u0636\u06cc \u0639\u0645\u0648\u0645\u06cc \u06f2",
    "units": 4,
    "capacity": 50,
    "instructor": "\u0633\u06cc\u062f\u0631\u0636\u0627 \u0645\u0642\u062f\u0633\u06cc",
    "class_times": "[{\"start\": 13.0, \"end\": 15.0, \"day\": 2}, {\"start\": 13.0, \"end\": 15.0, \"day\": 0}]",
    "id": 52641,
    "exam_time": "24 \u062f\u06cc 1401\u060c 15:00"
  },
  {
    "info": "",
    "course_id": "22034-3",
    "course_number": "22034",
    "name": "\u0645\u0639\u0627\u062f\u0644\u0627\u062a \u062f\u06cc\u0641\u0631\u0627\u0646\u0633\u06cc\u0644",
    "units": 3,
    "capacity": 50,
    "instructor": "\u0633\u062d\u0631 \u0642\u0627\u062c\u0627\u0631",
    "class_times": "[{\"start\": 13.5, \"end\": 15.0, \"day\": 2}, {\"start\": 13.5, \"end\": 15.0, \"day\": 0}]",
    "id": 52691,
    "exam_time": "29 \u062f\u06cc 1401\u060c 15:00"
  },
  {
    "info": "",
    "course_id": "22034-2",
    "course_number": "22034",
    "name": "\u0645\u0639\u0627\u062f\u0644\u0627\u062a \u062f\u06cc\u0641\u0631\u0627\u0646\u0633\u06cc\u0644",
    "units": 3,
    "capacity": 50,
    "instructor": "\u0645\u062d\u0633\u0646 \u062c\u0645\u0627\u0644\u06cc",
    "class_times": "[{\"start\": 13.5, \"end\": 15.0, \"day\": 2}, {\"start\": 13.5, \"end\": 15.0, \"day\": 0}]",
    "id": 52690,
    "exam_time": "29 \u062f\u06cc 1401\u060c 15:00"
  },
  {
    "info": "",
    "course_id": "22034-1",
    "course_number": "22034",
    "name": "\u0645\u0639\u0627\u062f\u0644\u0627\u062a \u062f\u06cc\u0641\u0631\u0627\u0646\u0633\u06cc\u0644",
    "units": 3,
    "capacity": 50,
    "instructor": "\u0633\u062d\u0631 \u0642\u0627\u062c\u0627\u0631",
    "class_times": "[{\"start\": 10.5, \"end\": 12.0, \"day\": 2}, {\"start\": 10.5, \"end\": 12.0, \"day\": 0}]",
    "id": 52642,
    "exam_time": "29 \u062f\u06cc 1401\u060c 15:00"
  },
  {
    "info": "",
    "course_id": "22035-2",
    "course_number": "22035",
    "name": "\u0631\u06cc\u0627\u0636\u06cc \u0645\u0647\u0646\u062f\u0633\u06cc",
    "units": 3,
    "capacity": 50,
    "instructor": "\u062d\u0645\u06cc\u062f\u0631\u0636\u0627 \u0641\u0646\u0627\u0626\u06cc",
    "class_times": "[{\"start\": 10.5, \"end\": 12.0, \"day\": 2}, {\"start\": 10.5, \"end\": 12.0, \"day\": 0}]",
    "id": 52643,
    "exam_time": "22 \u062f\u06cc 1401\u060c 15:00"
  },
  {
    "info": "",
    "course_id": "22035-1",
    "course_number": "22035",
    "name": "\u0631\u06cc\u0627\u0636\u06cc \u0645\u0647\u0646\u062f\u0633\u06cc",
    "units": 3,
    "capacity": 50,
    "instructor": "\u062d\u0645\u06cc\u062f\u0631\u0636\u0627 \u0641\u0646\u0627\u0626\u06cc",
    "class_times": "[{\"start\": 9.0, \"end\": 10.5, \"day\": 2}, {\"start\": 9.0, \"end\": 10.5, \"day\": 0}]",
    "id": 52644,
    "exam_time": "22 \u062f\u06cc 1401\u060c 15:00"
  },
  {
    "info": "\u062d\u062f\u0627\u06a9\u062b\u0631 \u0638\u0631\u0641\u06cc\u062a \u0628\u0631\u0627\u06cc  \u0645\u0642\u0637\u0639  \u06a9\u0627\u0631\u0634\u0646\u0627\u0633\u06cc \u062f\u0627\u0646\u0634\u06a9\u062f\u0647  \u0639\u0644\u0648\u0645 \u0631\u06cc\u0627\u0636\u06cc 45  \u0645\u06cc \u0628\u0627\u0634\u062f.\u062d\u062f\u0627\u06a9\u062b\u0631 \u0638\u0631\u0641\u06cc\u062a \u0628\u0631\u0627\u06cc  \u0645\u0642\u0637\u0639  \u06a9\u0627\u0631\u0634\u0646\u0627\u0633\u06cc 0  \u0645\u06cc \u0628\u0627\u0634\u062f.",
    "course_id": "22064-1",
    "course_number": "22064",
    "name": "\u0622\u0645\u0627\u0631 \u0648 \u06a9\u0627\u0631\u0628\u0631\u062f \u0622\u0646",
    "units": 4,
    "capacity": 45,
    "instructor": "\u0645\u06cc\u0631 \u0627\u0645\u06cc\u062f \u062d\u0627\u062c\u06cc  \u0645\u06cc\u0631 \u0635\u0627\u062f\u0642\u06cc",
    "class_times": "[{\"start\": 10.5, \"end\": 12.5, \"day\": 2}, {\"start\": 10.5, \"end\": 12.5, \"day\": 0}]",
    "id": 52645,
    "exam_time": "26 \u062f\u06cc 1401\u060c 15:00"
  },
  {
    "info": "\u0628\u0627\u0631 \u0627\u0648\u0644 3 \u0648\u0627\u062d\u062f\u06cc\u060c \u0648 \u062c\u0647\u062a \u062a\u0645\u062f\u06cc\u062f \u0635\u0641\u0631 \u0648\u0627\u062d\u062f\u06cc \u0627\u062e\u0630 \u0634\u0648\u062f.",
    "course_id": "22080-1",
    "course_number": "22080",
    "name": "\u067e\u0631\u0648\u0698\u0647 \u06a9\u0627\u0631\u0634\u0646\u0627\u0633\u06cc",
    "units": 0,
    "capacity": -1,
    "instructor": "",
    "class_times": "[]",
    "id": 52333,
    "exam_time": ""
  },
  {
    "info": "\u062d\u062f\u0627\u06a9\u062b\u0631 \u0638\u0631\u0641\u06cc\u062a \u0628\u0631\u0627\u06cc  \u0645\u0642\u0637\u0639  \u06a9\u0627\u0631\u0634\u0646\u0627\u0633\u06cc 0  \u0645\u06cc \u0628\u0627\u0634\u062f.\u062d\u062f\u0627\u06a9\u062b\u0631 \u0638\u0631\u0641\u06cc\u062a \u0628\u0631\u0627\u06cc  \u0645\u0642\u0637\u0639  \u06a9\u0627\u0631\u0634\u0646\u0627\u0633\u06cc \u062f\u0627\u0646\u0634\u06a9\u062f\u0647  \u0639\u0644\u0648\u0645 \u0631\u06cc\u0627\u0636\u06cc 45  \u0645\u06cc \u0628\u0627\u0634\u062f.",
    "course_id": "22089-1",
    "course_number": "22089",
    "name": "\u0627\u062d\u062a\u0645\u0627\u0644 \u0648 \u06a9\u0627\u0631\u0628\u0631\u062f \u0622\u0646",
    "units": 4,
    "capacity": 45,
    "instructor": "\u0634\u0647\u0631\u0627\u0645 \u062e\u0632\u0627\u0626\u06cc",
    "class_times": "[{\"start\": 10.5, \"end\": 12.5, \"day\": 3}, {\"start\": 10.5, \"end\": 12.5, \"day\": 1}]",
    "id": 52692,
    "exam_time": "2 \u0628\u0647\u0645\u0646 1401\u060c 9:00"
  },
  {
    "info": "\u062d\u062f\u0627\u06a9\u062b\u0631 \u0638\u0631\u0641\u06cc\u062a \u0628\u0631\u0627\u06cc  \u0645\u0642\u0637\u0639  \u06a9\u0627\u0631\u0634\u0646\u0627\u0633\u06cc \u062f\u0627\u0646\u0634\u06a9\u062f\u0647  \u0639\u0644\u0648\u0645 \u0631\u06cc\u0627\u0636\u06cc 45  \u0645\u06cc \u0628\u0627\u0634\u062f.\u062d\u062f\u0627\u06a9\u062b\u0631 \u0638\u0631\u0641\u06cc\u062a \u0628\u0631\u0627\u06cc  \u0645\u0642\u0637\u0639  \u06a9\u0627\u0631\u0634\u0646\u0627\u0633\u06cc 0  \u0645\u06cc \u0628\u0627\u0634\u062f.",
    "course_id": "22217-1",
    "course_number": "22217",
    "name": "\u062c\u0628\u0631 \u06f1",
    "units": 4,
    "capacity": 45,
    "instructor": "\u0645\u06cc\u0644\u0627\u062f \u067e\u0648\u0631\u0633\u0644\u0637\u0627\u0646\u06cc",
    "class_times": "[{\"start\": 15.0, \"end\": 17.0, \"day\": 3}, {\"start\": 15.0, \"end\": 17.0, \"day\": 1}]",
    "id": 52696,
    "exam_time": "22 \u062f\u06cc 1401\u060c 15:00"
  },
  {
    "info": "\u062d\u062f\u0627\u06a9\u062b\u0631 \u0638\u0631\u0641\u06cc\u062a \u0628\u0631\u0627\u06cc  \u0645\u0642\u0637\u0639  \u06a9\u0627\u0631\u0634\u0646\u0627\u0633\u06cc \u062f\u0627\u0646\u0634\u06a9\u062f\u0647  \u0639\u0644\u0648\u0645 \u0631\u06cc\u0627\u0636\u06cc 45  \u0645\u06cc \u0628\u0627\u0634\u062f.\u062d\u062f\u0627\u06a9\u062b\u0631 \u0638\u0631\u0641\u06cc\u062a \u0628\u0631\u0627\u06cc  \u0645\u0642\u0637\u0639  \u06a9\u0627\u0631\u0634\u0646\u0627\u0633\u06cc 0  \u0645\u06cc \u0628\u0627\u0634\u062f.",
    "course_id": "22255-1",
    "course_number": "22255",
    "name": "\u062c\u0628\u0631 \u062e\u0637\u06cc \u06f1",
    "units": 4,
    "capacity": 45,
    "instructor": "\u0633\u06cc\u062f\u0631\u0636\u0627 \u0645\u0642\u062f\u0633\u06cc",
    "class_times": "[{\"start\": 8.0, \"end\": 10.0, \"day\": 2}, {\"start\": 8.0, \"end\": 10.0, \"day\": 0}]",
    "id": 52697,
    "exam_time": "19 \u062f\u06cc 1401\u060c 9:00"
  },
  {
    "info": "\u062d\u062f\u0627\u06a9\u062b\u0631 \u0638\u0631\u0641\u06cc\u062a \u0628\u0631\u0627\u06cc  \u0645\u0642\u0637\u0639  \u06a9\u0627\u0631\u0634\u0646\u0627\u0633\u06cc 0  \u0645\u06cc \u0628\u0627\u0634\u062f.\u062d\u062f\u0627\u06a9\u062b\u0631 \u0638\u0631\u0641\u06cc\u062a \u0628\u0631\u0627\u06cc  \u0645\u0642\u0637\u0639  \u06a9\u0627\u0631\u0634\u0646\u0627\u0633\u06cc \u062f\u0627\u0646\u0634\u06a9\u062f\u0647  \u0639\u0644\u0648\u0645 \u0631\u06cc\u0627\u0636\u06cc 45  \u0645\u06cc \u0628\u0627\u0634\u062f.",
    "course_id": "22256-1",
    "course_number": "22256",
    "name": "\u0622\u0634\u0646\u0627\u06cc\u06cc \u0628\u0627 \u062c\u0628\u0631 \u062e\u0637\u06cc",
    "units": 3,
    "capacity": 45,
    "instructor": "\u0645\u0627\u0646\u06cc \u0631\u0636\u0627\u0626\u06cc",
    "class_times": "[{\"start\": 9.0, \"end\": 10.5, \"day\": 2}, {\"start\": 9.0, \"end\": 10.5, \"day\": 0}]",
    "id": 52647,
    "exam_time": "21 \u062f\u06cc 1401\u060c 9:00"
  },
  {
    "info": "\u0632\u0645\u0627\u0646 \u06a9\u0644\u0627\u0633 \u062f\u0631\u0633: 15 \u062a\u0627 16:15 \u2014 \u0646\u06cc\u0645 \u0633\u0627\u0639\u062a \u0627\u0633\u062a\u0631\u0627\u062d\u062a \u2014 16:45 \u062a\u0627 18. \u06a9\u0644\u0627\u0633 \u062d\u0644 \u062a\u0645\u0631\u06cc\u0646 : \u0686\u0647\u0627\u0631\u0634\u0646\u0628\u0647 \u0647\u0627 \u0633\u0627\u0639\u062a 10 \u0627\u0644\u06cc 12\u062d\u062f\u0627\u06a9\u062b\u0631 \u0638\u0631\u0641\u06cc\u062a \u0628\u0631\u0627\u06cc  \u0645\u0642\u0637\u0639  \u06a9\u0627\u0631\u0634\u0646\u0627\u0633\u06cc 0  \u0645\u06cc \u0628\u0627\u0634\u062f.\u062d\u062f\u0627\u06a9\u062b\u0631 \u0638\u0631\u0641\u06cc\u062a \u0628\u0631\u0627\u06cc  \u0645\u0642\u0637\u0639  \u06a9\u0627\u0631\u0634\u0646\u0627\u0633\u06cc \u062f\u0627\u0646\u0634\u06a9\u062f\u0647  \u0639\u0644\u0648\u0645 \u0631\u06cc\u0627\u0636\u06cc 45  \u0645\u06cc \u0628\u0627\u0634\u062f.",
    "course_id": "22325-1",
    "course_number": "22325",
    "name": "\u0622\u0646\u0627\u0644\u06cc\u0632 \u0631\u06cc\u0627\u0636\u06cc \u06f1",
    "units": 4,
    "capacity": 45,
    "instructor": "\u0645\u062d\u0645\u062f\u0631\u0636\u0627 \u067e\u0648\u0631\u0646\u06a9\u06cc",
    "class_times": "[{\"start\": 15.0, \"end\": 17.0, \"day\": 2}, {\"start\": 15.0, \"end\": 17.0, \"day\": 0}]",
    "id": 52699,
    "exam_time": "1 \u0628\u0647\u0645\u0646 1401\u060c 9:00"
  },
  {
    "info": "\u062d\u062f\u0627\u06a9\u062b\u0631 \u0638\u0631\u0641\u06cc\u062a \u0628\u0631\u0627\u06cc  \u0645\u0642\u0637\u0639  \u06a9\u0627\u0631\u0634\u0646\u0627\u0633\u06cc \u062f\u0627\u0646\u0634\u06a9\u062f\u0647  \u0639\u0644\u0648\u0645 \u0631\u06cc\u0627\u0636\u06cc 45  \u0645\u06cc \u0628\u0627\u0634\u062f.\u062d\u062f\u0627\u06a9\u062b\u0631 \u0638\u0631\u0641\u06cc\u062a \u0628\u0631\u0627\u06cc  \u0645\u0642\u0637\u0639  \u06a9\u0627\u0631\u0634\u0646\u0627\u0633\u06cc 0  \u0645\u06cc \u0628\u0627\u0634\u062f.",
    "course_id": "22655-1",
    "course_number": "22655",
    "name": "\u0622\u0646\u0627\u0644\u06cc\u0632 \u0639\u062f\u062f\u06cc \u06f1",
    "units": 4,
    "capacity": 45,
    "instructor": "\u0646\u0638\u0627\u0645 \u0627\u0644\u062f\u06cc\u0646 \u0645\u0647\u062f\u0648\u06cc \u0627\u0645\u06cc\u0631\u06cc",
    "class_times": "[{\"start\": 10.5, \"end\": 12.5, \"day\": 3}, {\"start\": 10.5, \"end\": 12.5, \"day\": 1}]",
    "id": 52701,
    "exam_time": "2 \u0628\u0647\u0645\u0646 1401\u060c 9:00"
  },
  {
    "info": "\u0648\u06cc\u0698\u0647 \u0648\u0631\u0648\u062f\u06cc1401",
    "course_id": "22811-1",
    "course_number": "22811",
    "name": "\u0645\u0628\u0627\u0646\u06cc\u200c \u06a9\u0627\u0645\u067e\u06cc\u0648\u062a\u0631 \u0648 \u0628\u0631\u0646\u0627\u0645\u0647\u200c\u0646\u0648\u06cc\u0633\u06cc",
    "units": 4,
    "capacity": -1,
    "instructor": "\u0645\u062c\u062a\u0628\u06cc \u062a\u0641\u0627\u0642",
    "class_times": "[{\"start\": 8.0, \"end\": 10.0, \"day\": 3}, {\"start\": 8.0, \"end\": 10.0, \"day\": 1}]",
    "id": 52702,
    "exam_time": "25 \u0628\u0647\u0645\u0646 1401\u060c 9:00"
  },
  {
    "info": "\u062d\u062f\u0627\u06a9\u062b\u0631 \u0638\u0631\u0641\u06cc\u062a \u0628\u0631\u0627\u06cc  \u0645\u0642\u0637\u0639  \u06a9\u0627\u0631\u0634\u0646\u0627\u0633\u06cc \u062f\u0627\u0646\u0634\u06a9\u062f\u0647  \u0639\u0644\u0648\u0645 \u0631\u06cc\u0627\u0636\u06cc 45  \u0645\u06cc \u0628\u0627\u0634\u062f.\u062d\u062f\u0627\u06a9\u062b\u0631 \u0638\u0631\u0641\u06cc\u062a \u0628\u0631\u0627\u06cc  \u0645\u0642\u0637\u0639  \u06a9\u0627\u0631\u0634\u0646\u0627\u0633\u06cc 0  \u0645\u06cc \u0628\u0627\u0634\u062f.",
    "course_id": "22825-1",
    "course_number": "22825",
    "name": "\u0631\u06cc\u0627\u0636\u06cc\u0627\u062a \u06af\u0633\u0633\u062a\u0647",
    "units": 3,
    "capacity": 45,
    "instructor": "\u0622\u0631\u0645\u0627\u0646 \u0622\u0634\u062a\u0627\u0628",
    "class_times": "[{\"start\": 15.0, \"end\": 16.5, \"day\": 3}, {\"start\": 15.0, \"end\": 16.5, \"day\": 1}]",
    "id": 52704,
    "exam_time": "22 \u062f\u06cc 1401\u060c 15:00"
  },
  {
    "info": "",
    "course_id": "22190-1",
    "course_number": "22190",
    "name": "\u0633\u0645\u06cc\u0646\u0627\u0631 \u062c\u0628\u0631 \u062c\u0627\u0628\u062c\u0627\u06cc\u06cc",
    "units": 1,
    "capacity": -1,
    "instructor": "\u0627\u0645\u06cc\u0631 \u062c\u0639\u0641\u0631\u06cc",
    "class_times": "[]",
    "id": 52709,
    "exam_time": ""
  },
  {
    "info": "\u0627\u062e\u0630 \u062f\u0631\u0633 \u0628\u0631\u0627\u06cc \u062f\u0627\u0646\u0634\u062c\u0648\u06cc\u0627\u0646 \u06a9\u0627\u0631\u0634\u0646\u0627\u0633\u06cc \u0628\u0627 \u0627\u062c\u0627\u0632\u0647 \u0627\u0633\u062a\u0627\u062f \u062f\u0631\u0633\u060c \u0628\u0627 \u062b\u0628\u062a \u062f\u0631\u062e\u0648\u0627\u0633\u062a \u062f\u0631 \u0633\u0627\u0645\u0627\u0646\u0647 \u0622\u0645\u0648\u0632\u0634.\u062d\u062f\u0627\u06a9\u062b\u0631 \u0638\u0631\u0641\u06cc\u062a \u0628\u0631\u0627\u06cc  \u0645\u0642\u0637\u0639  \u06a9\u0627\u0631\u0634\u0646\u0627\u0633\u06cc 0  \u0645\u06cc \u0628\u0627\u0634\u062f.",
    "course_id": "22471-1",
    "course_number": "22471",
    "name": "\u0622\u0646\u0627\u0644\u06cc\u0632 \u062a\u0627\u0628\u0639\u06cc",
    "units": 4,
    "capacity": 30,
    "instructor": "\u0639\u0644\u06cc\u0631\u0636\u0627 \u0631\u0646\u062c\u0628\u0631\u0645\u0637\u0644\u0642",
    "class_times": "[{\"start\": 15.0, \"end\": 17.0, \"day\": 2}, {\"start\": 15.0, \"end\": 17.0, \"day\": 0}]",
    "id": 52714,
    "exam_time": "1 \u0628\u0647\u0645\u0646 1401\u060c 9:00"
  },
  {
    "info": "\u0627\u062e\u0630 \u062f\u0631\u0633 \u0628\u0631\u0627\u06cc \u062f\u0627\u0646\u0634\u062c\u0648\u06cc\u0627\u0646 \u06a9\u0627\u0631\u0634\u0646\u0627\u0633\u06cc \u0628\u0627 \u0627\u062c\u0627\u0632\u0647 \u0627\u0633\u062a\u0627\u062f \u062f\u0631\u0633\u060c \u0628\u0627 \u062b\u0628\u062a \u062f\u0631\u062e\u0648\u0627\u0633\u062a \u062f\u0631 \u0633\u0627\u0645\u0627\u0646\u0647 \u0622\u0645\u0648\u0632\u0634.\u062d\u062f\u0627\u06a9\u062b\u0631 \u0638\u0631\u0641\u06cc\u062a \u0628\u0631\u0627\u06cc  \u0645\u0642\u0637\u0639  \u06a9\u0627\u0631\u0634\u0646\u0627\u0633\u06cc 0  \u0645\u06cc \u0628\u0627\u0634\u062f.",
    "course_id": "22654-1",
    "course_number": "22654",
    "name": "\u0645\u062d\u0627\u0633\u0628\u0627\u062a \u0645\u0627\u062a\u0631\u06cc\u0633\u06cc",
    "units": 4,
    "capacity": 30,
    "instructor": "\u0646\u0638\u0627\u0645 \u0627\u0644\u062f\u06cc\u0646 \u0645\u0647\u062f\u0648\u06cc \u0627\u0645\u06cc\u0631\u06cc",
    "class_times": "[{\"start\": 13.0, \"end\": 15.0, \"day\": 3}, {\"start\": 13.0, \"end\": 15.0, \"day\": 1}]",
    "id": 52718,
    "exam_time": "20 \u062f\u06cc 1401\u060c 9:00"
  },
  {
    "info": "",
    "course_id": "22000-1",
    "course_number": "22000",
    "name": "\u0627\u0645\u062a\u062d\u0627\u0646 \u062c\u0627\u0645\u0639 \u062f\u06a9\u062a\u0631\u0627",
    "units": 0,
    "capacity": -1,
    "instructor": "",
    "class_times": "[]",
    "id": 52335,
    "exam_time": ""
  },
  {
    "info": "",
    "course_id": "22001-1",
    "course_number": "22001",
    "name": "\u067e\u06cc\u0634\u0646\u0647\u0627\u062f \u067e\u0698\u0648\u0647\u0634\u06cc",
    "units": 0,
    "capacity": -1,
    "instructor": "",
    "class_times": "[]",
    "id": 52336,
    "exam_time": ""
  },
  {
    "info": "",
    "course_id": "22980-1",
    "course_number": "22980",
    "name": "\u0631\u0633\u0627\u0644\u0647 \u062f\u06a9\u062a\u0631\u06cc",
    "units": 0,
    "capacity": -1,
    "instructor": "",
    "class_times": "[]",
    "id": 52337,
    "exam_time": ""
  },
  {
    "info": "\u0647\u0645\u0627\u0647\u0646\u06af \u0628\u0627 \u062f\u06a9\u062a\u0631 \u062e\u0632\u0627\u06cc\u06cc",
    "course_id": "-1-1",
    "course_number": "-1",
    "name": "\u062f\u0633\u062a\u06cc\u0627\u0631 \u0622\u0645\u0648\u0632\u0634\u06cc",
    "units": 3,
    "capacity": -1,
    "instructor": "\u0634\u0647\u0631\u0627\u0645 \u062e\u0632\u0627\u0626\u06cc",
    "class_times": "[]",
    "id": 52339,
    "exam_time": ""
  },
  {
    "info": "\u0627\u062e\u0630 \u062f\u0631\u0633 \u0628\u0631\u0627\u06cc \u062f\u0627\u0646\u0634\u062c\u0648\u06cc\u0627\u0646 \u06a9\u0627\u0631\u0634\u0646\u0627\u0633\u06cc \u0628\u0627 \u0627\u062c\u0627\u0632\u0647 \u0627\u0633\u062a\u0627\u062f \u062f\u0631\u0633\u060c \u0628\u0627 \u062b\u0628\u062a \u062f\u0631\u062e\u0648\u0627\u0633\u062a \u062f\u0631 \u0633\u0627\u0645\u0627\u0646\u0647 \u0622\u0645\u0648\u0632\u0634.\u062d\u062f\u0627\u06a9\u062b\u0631 \u0638\u0631\u0641\u06cc\u062a \u0628\u0631\u0627\u06cc  \u0645\u0642\u0637\u0639  \u06a9\u0627\u0631\u0634\u0646\u0627\u0633\u06cc 0  \u0645\u06cc \u0628\u0627\u0634\u062f.",
    "course_id": "22582-1",
    "course_number": "22582",
    "name": "\u0647\u0646\u062f\u0633\u0647 \u0645\u0646\u06cc\u0641\u0644\u062f",
    "units": 4,
    "capacity": 30,
    "instructor": "\u0627\u0645\u06cc\u0631 \u062c\u0639\u0641\u0631\u06cc",
    "class_times": "[{\"start\": 13.0, \"end\": 15.0, \"day\": 2}, {\"start\": 13.0, \"end\": 15.0, \"day\": 0}]",
    "id": 52716,
    "exam_time": "28 \u062f\u06cc 1401\u060c 9:00"
  },
  {
    "info": "\u062d\u062f\u0627\u06a9\u062b\u0631 \u0638\u0631\u0641\u06cc\u062a \u0628\u0631\u0627\u06cc  \u0645\u0642\u0637\u0639  \u06a9\u0627\u0631\u0634\u0646\u0627\u0633\u06cc 0  \u0645\u06cc \u0628\u0627\u0634\u062f.\u062d\u062f\u0627\u06a9\u062b\u0631 \u0638\u0631\u0641\u06cc\u062a \u0628\u0631\u0627\u06cc  \u0645\u0642\u0637\u0639  \u06a9\u0627\u0631\u0634\u0646\u0627\u0633\u06cc \u062f\u0627\u0646\u0634\u06a9\u062f\u0647  \u0639\u0644\u0648\u0645 \u0631\u06cc\u0627\u0636\u06cc 45  \u0645\u06cc \u0628\u0627\u0634\u062f.",
    "course_id": "22131-1",
    "course_number": "22131",
    "name": "\u0645\u0646\u0637\u0642 \u0631\u06cc\u0627\u0636\u06cc",
    "units": 3,
    "capacity": 45,
    "instructor": "\u0645\u062d\u0645\u062f \u0627\u0631\u062f\u0634\u06cc\u0631\u0628\u0647\u0631\u0633\u062a\u0627\u0642\u06cc",
    "class_times": "[{\"start\": 10.5, \"end\": 12.0, \"day\": 3}, {\"start\": 10.5, \"end\": 12.0, \"day\": 1}]",
    "id": 52694,
    "exam_time": "2 \u0628\u0647\u0645\u0646 1401\u060c 9:00"
  },
  {
    "info": "\u062d\u062f\u0627\u06a9\u062b\u0631 \u0638\u0631\u0641\u06cc\u062a \u0628\u0631\u0627\u06cc  \u0645\u0642\u0637\u0639  \u06a9\u0627\u0631\u0634\u0646\u0627\u0633\u06cc 0  \u0645\u06cc \u0628\u0627\u0634\u062f.\u062d\u062f\u0627\u06a9\u062b\u0631 \u0638\u0631\u0641\u06cc\u062a \u0628\u0631\u0627\u06cc  \u0645\u0642\u0637\u0639  \u06a9\u0627\u0631\u0634\u0646\u0627\u0633\u06cc \u062f\u0627\u0646\u0634\u06a9\u062f\u0647  \u0639\u0644\u0648\u0645 \u0631\u06cc\u0627\u0636\u06cc 45  \u0645\u06cc \u0628\u0627\u0634\u062f.",
    "course_id": "22215-1",
    "course_number": "22215",
    "name": "\u0646\u0638\u0631\u06cc\u0647 \u0627\u0639\u062f\u0627\u062f",
    "units": 4,
    "capacity": 45,
    "instructor": "\u0633\u06cc\u062f\u0645\u062d\u0645\u062f \u063a\u0644\u0627\u0645\u0632\u0627\u062f\u0647 \u0645\u062d\u0645\u0648\u062f\u06cc",
    "class_times": "[{\"start\": 13.0, \"end\": 15.0, \"day\": 2}, {\"start\": 13.0, \"end\": 15.0, \"day\": 0}]",
    "id": 52695,
    "exam_time": "28 \u062f\u06cc 1401\u060c 9:00"
  },
  {
    "info": "\u062d\u062f\u0627\u06a9\u062b\u0631 \u0638\u0631\u0641\u06cc\u062a \u0628\u0631\u0627\u06cc  \u0645\u0642\u0637\u0639  \u06a9\u0627\u0631\u0634\u0646\u0627\u0633\u06cc \u062f\u0627\u0646\u0634\u06a9\u062f\u0647  \u0639\u0644\u0648\u0645 \u0631\u06cc\u0627\u0636\u06cc 45  \u0645\u06cc \u0628\u0627\u0634\u062f.\u062d\u062f\u0627\u06a9\u062b\u0631 \u0638\u0631\u0641\u06cc\u062a \u0628\u0631\u0627\u06cc  \u0645\u0642\u0637\u0639  \u06a9\u0627\u0631\u0634\u0646\u0627\u0633\u06cc 0  \u0645\u06cc \u0628\u0627\u0634\u062f.",
    "course_id": "22335-1",
    "course_number": "22335",
    "name": "\u062a\u0648\u0627\u0628\u0639 \u0645\u062e\u062a\u0644\u0637 \u06f1",
    "units": 4,
    "capacity": 45,
    "instructor": "\u0639\u0644\u06cc\u0631\u0636\u0627 \u0628\u062d\u0631\u06cc\u0646\u06cc",
    "class_times": "[{\"start\": 15.0, \"end\": 17.0, \"day\": 3}, {\"start\": 15.0, \"end\": 17.0, \"day\": 1}]",
    "id": 52700,
    "exam_time": "22 \u062f\u06cc 1401\u060c 9:00"
  },
  {
    "info": "\u062d\u062f\u0627\u06a9\u062b\u0631 \u0638\u0631\u0641\u06cc\u062a \u0628\u0631\u0627\u06cc  \u0645\u0642\u0637\u0639  \u06a9\u0627\u0631\u0634\u0646\u0627\u0633\u06cc \u062f\u0627\u0646\u0634\u06a9\u062f\u0647  \u0639\u0644\u0648\u0645 \u0631\u06cc\u0627\u0636\u06cc 40  \u0645\u06cc \u0628\u0627\u0634\u062f.\u062d\u062f\u0627\u06a9\u062b\u0631 \u0638\u0631\u0641\u06cc\u062a \u0628\u0631\u0627\u06cc  \u0645\u0642\u0637\u0639  \u06a9\u0627\u0631\u0634\u0646\u0627\u0633\u06cc 0  \u0645\u06cc \u0628\u0627\u0634\u062f.",
    "course_id": "22635-1",
    "course_number": "22635",
    "name": "\u0641\u0631\u0622\u06cc\u0646\u062f\u0647\u0627\u06cc \u062a\u0635\u0627\u062f\u0641\u06cc",
    "units": 4,
    "capacity": 40,
    "instructor": "\u06a9\u0633\u0631\u06cc \u0639\u0644\u06cc\u0634\u0627\u0647\u06cc",
    "class_times": "[{\"start\": 8.0, \"end\": 10.0, \"day\": 2}, {\"start\": 8.0, \"end\": 10.0, \"day\": 0}]",
    "id": 52649,
    "exam_time": "19 \u062f\u06cc 1401\u060c 9:00"
  },
  {
    "info": "\u062d\u062f\u0627\u06a9\u062b\u0631 \u0638\u0631\u0641\u06cc\u062a \u0628\u0631\u0627\u06cc  \u0645\u0642\u0637\u0639  \u06a9\u0627\u0631\u0634\u0646\u0627\u0633\u06cc 0  \u0645\u06cc \u0628\u0627\u0634\u062f.\u062d\u062f\u0627\u06a9\u062b\u0631 \u0638\u0631\u0641\u06cc\u062a \u0628\u0631\u0627\u06cc  \u0645\u0642\u0637\u0639  \u06a9\u0627\u0631\u0634\u0646\u0627\u0633\u06cc \u062f\u0627\u0646\u0634\u06a9\u062f\u0647  \u0639\u0644\u0648\u0645 \u0631\u06cc\u0627\u0636\u06cc 45  \u0645\u06cc \u0628\u0627\u0634\u062f.",
    "course_id": "22822-1",
    "course_number": "22822",
    "name": "\u0633\u0627\u062e\u062a\u0645\u0627\u0646 \u062f\u0627\u062f\u0647\u200c\u0647\u0627",
    "units": 4,
    "capacity": 45,
    "instructor": "\u0639\u0644\u06cc\u0631\u0636\u0627 \u0632\u0627\u0631\u0639\u06cc",
    "class_times": "[{\"start\": 13.0, \"end\": 15.0, \"day\": 3}, {\"start\": 13.0, \"end\": 15.0, \"day\": 1}]",
    "id": 52703,
    "exam_time": "20 \u062f\u06cc 1401\u060c 9:00"
  },
  {
    "info": "\u062d\u062f\u0627\u06a9\u062b\u0631 \u0638\u0631\u0641\u06cc\u062a \u0628\u0631\u0627\u06cc  \u0645\u0642\u0637\u0639  \u06a9\u0627\u0631\u0634\u0646\u0627\u0633\u06cc \u062f\u0627\u0646\u0634\u06a9\u062f\u0647  \u0639\u0644\u0648\u0645 \u0631\u06cc\u0627\u0636\u06cc 45  \u0645\u06cc \u0628\u0627\u0634\u062f.\u062d\u062f\u0627\u06a9\u062b\u0631 \u0638\u0631\u0641\u06cc\u062a \u0628\u0631\u0627\u06cc  \u0645\u0642\u0637\u0639  \u06a9\u0627\u0631\u0634\u0646\u0627\u0633\u06cc 0  \u0645\u06cc \u0628\u0627\u0634\u062f.",
    "course_id": "22873-1",
    "course_number": "22873",
    "name": "\u0646\u0638\u0631\u06cc\u0647 \u0632\u0628\u0627\u0646\u200c\u0647\u0627 \u0648 \u0627\u062a\u0648\u0645\u0627\u062a\u0627",
    "units": 3,
    "capacity": 45,
    "instructor": "\u0627\u0645\u06cc\u0631 \u062f\u0627\u0646\u0634\u06af\u0631",
    "class_times": "[{\"start\": 9.0, \"end\": 10.5, \"day\": 3}, {\"start\": 9.0, \"end\": 10.5, \"day\": 1}]",
    "id": 52706,
    "exam_time": "25 \u062f\u06cc 1401\u060c 9:00"
  },
  {
    "info": "\u0627\u062e\u0630 \u062f\u0631\u0633 \u0628\u0631\u0627\u06cc \u062f\u0627\u0646\u0634\u062c\u0648\u06cc\u0627\u0646 \u06a9\u0627\u0631\u0634\u0646\u0627\u0633\u06cc \u0628\u0627 \u0627\u062c\u0627\u0632\u0647 \u0627\u0633\u062a\u0627\u062f \u062f\u0631\u0633\u060c \u0628\u0627 \u062b\u0628\u062a \u062f\u0631\u062e\u0648\u0627\u0633\u062a \u062f\u0631 \u0633\u0627\u0645\u0627\u0646\u0647 \u0622\u0645\u0648\u0632\u0634.\u062d\u062f\u0627\u06a9\u062b\u0631 \u0638\u0631\u0641\u06cc\u062a \u0628\u0631\u0627\u06cc  \u0645\u0642\u0637\u0639  \u06a9\u0627\u0631\u0634\u0646\u0627\u0633\u06cc 0  \u0645\u06cc \u0628\u0627\u0634\u062f.",
    "course_id": "22226-1",
    "course_number": "22226",
    "name": "\u062c\u0628\u0631 \u067e\u06cc\u0634\u0631\u0641\u062a\u0647",
    "units": 4,
    "capacity": 30,
    "instructor": "\u0645\u062d\u0645\u062f \u0645\u0647\u062f\u0648\u06cc \u0647\u0632\u0627\u0648\u0647 \u0621",
    "class_times": "[{\"start\": 10.5, \"end\": 12.5, \"day\": 2}, {\"start\": 10.5, \"end\": 12.5, \"day\": 0}]",
    "id": 52650,
    "exam_time": "26 \u062f\u06cc 1401\u060c 15:00"
  },
  {
    "info": "\u0632\u0645\u0627\u0646 \u06a9\u0644\u0627\u0633 \u062f\u0631\u0633: 15 \u062a\u0627 16:15 \u2014 \u0646\u06cc\u0645 \u0633\u0627\u0639\u062a \u0627\u0633\u062a\u0631\u0627\u062d\u062a \u2014 16:45 \u062a\u0627 18. \u0627\u062e\u0630 \u062f\u0631\u0633 \u0628\u0631\u0627\u06cc \u062f\u0627\u0646\u0634\u062c\u0648\u06cc\u0627\u0646 \u06a9\u0627\u0631\u0634\u0646\u0627\u0633\u06cc \u0628\u0627 \u0627\u062c\u0627\u0632\u0647 \u0627\u0633\u062a\u0627\u062f \u062f\u0631\u0633\u060c \u0628\u0627 \u062b\u0628\u062a \u062f\u0631\u062e\u0648\u0627\u0633\u062a \u062f\u0631 \u0633\u0627\u0645\u0627\u0646\u0647 \u0622\u0645\u0648\u0632\u0634. \u06a9\u0644\u0627\u0633 \u062d\u0644 \u062a\u0645\u0631\u06cc\u0646 : \u0686\u0647\u0627\u0631\u0634\u0646\u0628\u0647 \u0647\u0627 \u0633\u0627\u0639\u062a 13 \u0627\u0644\u06cc 15\u062d\u062f\u0627\u06a9\u062b\u0631 \u0638\u0631\u0641\u06cc\u062a \u0628\u0631\u0627\u06cc  \u0645\u0642\u0637\u0639  \u06a9\u0627\u0631\u0634\u0646\u0627\u0633\u06cc 0  \u0645\u06cc \u0628\u0627\u0634\u062f.",
    "course_id": "22412-1",
    "course_number": "22412",
    "name": "\u0622\u0646\u0627\u0644\u06cc\u0632 \u062d\u0642\u06cc\u0642\u06cc",
    "units": 4,
    "capacity": 30,
    "instructor": "\u0645\u062d\u0645\u062f\u0631\u0636\u0627 \u067e\u0648\u0631\u0646\u06a9\u06cc",
    "class_times": "[{\"start\": 15.0, \"end\": 17.0, \"day\": 3}, {\"start\": 15.0, \"end\": 17.0, \"day\": 1}]",
    "id": 52713,
    "exam_time": "22 \u062f\u06cc 1401\u060c 9:00"
  },
  {
    "info": "\u0627\u062e\u0630 \u062f\u0631\u0633 \u0628\u0631\u0627\u06cc \u062f\u0627\u0646\u0634\u062c\u0648\u06cc\u0627\u0646 \u06a9\u0627\u0631\u0634\u0646\u0627\u0633\u06cc \u0628\u0627 \u0627\u062c\u0627\u0632\u0647 \u0627\u0633\u062a\u0627\u062f \u062f\u0631\u0633\u060c \u0628\u0627 \u062b\u0628\u062a \u062f\u0631\u062e\u0648\u0627\u0633\u062a \u062f\u0631 \u0633\u0627\u0645\u0627\u0646\u0647 \u0622\u0645\u0648\u0632\u0634.\u062d\u062f\u0627\u06a9\u062b\u0631 \u0638\u0631\u0641\u06cc\u062a \u0628\u0631\u0627\u06cc  \u0645\u0642\u0637\u0639  \u06a9\u0627\u0631\u0634\u0646\u0627\u0633\u06cc 0  \u0645\u06cc \u0628\u0627\u0634\u062f.",
    "course_id": "22627-1",
    "course_number": "22627",
    "name": "\u0646\u0638\u0631\u06cc\u0647 \u067e\u06cc\u0634\u0631\u0641\u062a\u0647 \u0622\u0645\u0627\u0631",
    "units": 4,
    "capacity": 20,
    "instructor": "\u06a9\u0633\u0631\u06cc \u0639\u0644\u06cc\u0634\u0627\u0647\u06cc",
    "class_times": "[{\"start\": 10.5, \"end\": 12.5, \"day\": 2}, {\"start\": 10.5, \"end\": 12.5, \"day\": 0}]",
    "id": 52717,
    "exam_time": "26 \u062f\u06cc 1401\u060c 15:00"
  },
  {
    "info": "\u06cc\u06a9 \u0648\u0627\u062d\u062f\u06cc \u0627\u062e\u0630 \u06af\u0631\u062f\u062f.",
    "course_id": "22660-1",
    "course_number": "22660",
    "name": "\u0633\u0645\u06cc\u0646\u0627\u0631 \u0628\u0647\u06cc\u0646\u0647\u200c\u0633\u0627\u0632\u06cc",
    "units": 0,
    "capacity": -1,
    "instructor": "\u0646\u0638\u0627\u0645 \u0627\u0644\u062f\u06cc\u0646 \u0645\u0647\u062f\u0648\u06cc \u0627\u0645\u06cc\u0631\u06cc",
    "class_times": "[]",
    "id": 52719,
    "exam_time": ""
  },
  {
    "info": "\u0627\u062e\u0630 \u062f\u0631\u0633 \u0628\u0631\u0627\u06cc \u062f\u0627\u0646\u0634\u062c\u0648\u06cc\u0627\u0646 \u06a9\u0627\u0631\u0634\u0646\u0627\u0633\u06cc \u0628\u0627 \u0627\u062c\u0627\u0632\u0647 \u0627\u0633\u062a\u0627\u062f \u062f\u0631\u0633\u060c \u0628\u0627 \u062b\u0628\u062a \u062f\u0631\u062e\u0648\u0627\u0633\u062a \u062f\u0631 \u0633\u0627\u0645\u0627\u0646\u0647 \u0622\u0645\u0648\u0632\u0634.\u062d\u062f\u0627\u06a9\u062b\u0631 \u0638\u0631\u0641\u06cc\u062a \u0628\u0631\u0627\u06cc  \u0645\u0642\u0637\u0639  \u06a9\u0627\u0631\u0634\u0646\u0627\u0633\u06cc 0  \u0645\u06cc \u0628\u0627\u0634\u062f.",
    "course_id": "22902-1",
    "course_number": "22902",
    "name": "\u0645\u0646\u0637\u0642 \u0628\u0631\u0627\u06cc \u0639\u0644\u0648\u0645 \u06a9\u0627\u0645\u067e\u06cc\u0648\u062a\u0631",
    "units": 4,
    "capacity": 30,
    "instructor": "\u0645\u062d\u0645\u062f \u0627\u0631\u062f\u0634\u06cc\u0631\u0628\u0647\u0631\u0633\u062a\u0627\u0642\u06cc",
    "class_times": "[{\"start\": 15.0, \"end\": 17.0, \"day\": 3}, {\"start\": 15.0, \"end\": 17.0, \"day\": 1}]",
    "id": 52723,
    "exam_time": "22 \u062f\u06cc 1401\u060c 9:00"
  },
  {
    "info": "\u062d\u062f\u0627\u06a9\u062b\u0631 \u0638\u0631\u0641\u06cc\u062a \u0628\u0631\u0627\u06cc  \u0645\u0642\u0637\u0639  \u06a9\u0627\u0631\u0634\u0646\u0627\u0633\u06cc \u062f\u0627\u0646\u0634\u06a9\u062f\u0647  \u0639\u0644\u0648\u0645 \u0631\u06cc\u0627\u0636\u06cc 20  \u0645\u06cc \u0628\u0627\u0634\u062f.\u062d\u062f\u0627\u06a9\u062b\u0631 \u0638\u0631\u0641\u06cc\u062a \u0628\u0631\u0627\u06cc  \u0645\u0642\u0637\u0639  \u06a9\u0627\u0631\u0634\u0646\u0627\u0633\u06cc \u0627\u0631\u0634\u062f \u062f\u0627\u0646\u0634\u06a9\u062f\u0647  \u0639\u0644\u0648\u0645 \u0631\u06cc\u0627\u0636\u06cc 15  \u0645\u06cc \u0628\u0627\u0634\u062f.\u062d\u062f\u0627\u06a9\u062b\u0631 \u0638\u0631\u0641\u06cc\u062a \u0628\u0631\u0627\u06cc  \u0645\u0642\u0637\u0639  \u06a9\u0627\u0631\u0634\u0646\u0627\u0633\u06cc 0  \u0645\u06cc \u0628\u0627\u0634\u062f.",
    "course_id": "22542-1",
    "course_number": "22542",
    "name": "\u0647\u0646\u062f\u0633\u0647 \u062f\u06cc\u0641\u0631\u0627\u0646\u0633\u06cc\u0644 \u0645\u0642\u062f\u0645\u0627\u062a\u06cc",
    "units": 4,
    "capacity": 35,
    "instructor": "\u0639\u0644\u06cc\u0631\u0636\u0627 \u0628\u062d\u0631\u06cc\u0646\u06cc",
    "class_times": "[{\"start\": 15.0, \"end\": 17.0, \"day\": 2}, {\"start\": 15.0, \"end\": 17.0, \"day\": 0}]",
    "id": 52728,
    "exam_time": "1 \u0628\u0647\u0645\u0646 1401\u060c 9:00"
  },
  {
    "info": "",
    "course_id": "22820-1",
    "course_number": "22820",
    "name": "\u0633\u0645\u06cc\u0646\u0627\u0631 \u0631\u0645\u0632\u0646\u06af\u0627\u0631\u06cc",
    "units": 1,
    "capacity": -1,
    "instructor": "\u0634\u0647\u0631\u0627\u0645 \u062e\u0632\u0627\u0626\u06cc",
    "class_times": "[]",
    "id": 52720,
    "exam_time": ""
  },
  {
    "info": "\u062d\u062f\u0627\u06a9\u062b\u0631 \u0638\u0631\u0641\u06cc\u062a \u0628\u0631\u0627\u06cc  \u0645\u0642\u0637\u0639  \u06a9\u0627\u0631\u0634\u0646\u0627\u0633\u06cc \u062f\u0627\u0646\u0634\u06a9\u062f\u0647  \u0639\u0644\u0648\u0645 \u0631\u06cc\u0627\u0636\u06cc 45  \u0645\u06cc \u0628\u0627\u0634\u062f.\u062d\u062f\u0627\u06a9\u062b\u0631 \u0638\u0631\u0641\u06cc\u062a \u0628\u0631\u0627\u06cc  \u0645\u0642\u0637\u0639  \u06a9\u0627\u0631\u0634\u0646\u0627\u0633\u06cc 0  \u0645\u06cc \u0628\u0627\u0634\u062f.",
    "course_id": "22882-1",
    "course_number": "22882",
    "name": "\u062a\u062d\u0642\u06cc\u0642 \u062f\u0631 \u0639\u0645\u0644\u06cc\u0627\u062a \u06f1",
    "units": 4,
    "capacity": 45,
    "instructor": "",
    "class_times": "[{\"start\": 8.0, \"end\": 10.0, \"day\": 3}, {\"start\": 8.0, \"end\": 10.0, \"day\": 1}]",
    "id": 52707,
    "exam_time": "25 \u062f\u06cc 1401\u060c 9:00"
  },
  {
    "info": "\u0645\u0648\u0636\u0648\u0639: \u0646\u0638\u0631\u06cc\u0647 \u06af\u0631\u0647 \u0647\u0627. \u0627\u062e\u0630 \u062f\u0631\u0633 \u0628\u0631\u0627\u06cc \u062f\u0627\u0646\u0634\u062c\u0648\u06cc\u0627\u0646 \u06a9\u0627\u0631\u0634\u0646\u0627\u0633\u06cc \u0628\u0627 \u0627\u062c\u0627\u0632\u0647 \u0627\u0633\u062a\u0627\u062f \u062f\u0631\u0633\u060c \u0628\u0627 \u062b\u0628\u062a \u062f\u0631\u062e\u0648\u0627\u0633\u062a \u062f\u0631 \u0633\u0627\u0645\u0627\u0646\u0647 \u0622\u0645\u0648\u0632\u0634.\u062d\u062f\u0627\u06a9\u062b\u0631 \u0638\u0631\u0641\u06cc\u062a \u0628\u0631\u0627\u06cc  \u0645\u0642\u0637\u0639  \u06a9\u0627\u0631\u0634\u0646\u0627\u0633\u06cc 0  \u0645\u06cc \u0628\u0627\u0634\u062f.",
    "course_id": "22563-1",
    "course_number": "22563",
    "name": "\u0645\u0628\u0627\u062d\u062b\u06cc \u062f\u0631 \u062a\u0648\u067e\u0648\u0644\u0648\u0698\u06cc \u062c\u0628\u0631\u06cc",
    "units": 4,
    "capacity": 30,
    "instructor": "\u0622\u0631\u0634 \u0631\u0633\u062a\u06af\u0627\u0631",
    "class_times": "[{\"start\": 8.0, \"end\": 10.0, \"day\": 3}, {\"start\": 8.0, \"end\": 10.0, \"day\": 1}]",
    "id": 52715,
    "exam_time": "25 \u062f\u06cc 1401\u060c 9:00"
  },
  {
    "info": "\u0627\u062e\u0630 \u062f\u0631\u0633 \u0628\u0631\u0627\u06cc \u062f\u0627\u0646\u0634\u062c\u0648\u06cc\u0627\u0646 \u06a9\u0627\u0631\u0634\u0646\u0627\u0633\u06cc \u0628\u0627 \u0627\u062c\u0627\u0632\u0647 \u0627\u0633\u062a\u0627\u062f \u062f\u0631\u0633\u060c \u0628\u0627 \u062b\u0628\u062a \u062f\u0631\u062e\u0648\u0627\u0633\u062a \u062f\u0631 \u0633\u0627\u0645\u0627\u0646\u0647 \u0622\u0645\u0648\u0632\u0634\u062d\u062f\u0627\u06a9\u062b\u0631 \u0638\u0631\u0641\u06cc\u062a \u0628\u0631\u0627\u06cc  \u0645\u0642\u0637\u0639  \u06a9\u0627\u0631\u0634\u0646\u0627\u0633\u06cc 0  \u0645\u06cc \u0628\u0627\u0634\u062f.",
    "course_id": "22238-1",
    "course_number": "22238",
    "name": "\u0647\u0646\u062f\u0633\u0647 \u062d\u0633\u0627\u0628\u06cc",
    "units": 4,
    "capacity": 30,
    "instructor": "\u0622\u0631\u0634 \u0631\u0633\u062a\u06af\u0627\u0631",
    "class_times": "[{\"start\": 10.5, \"end\": 12.5, \"day\": 3}, {\"start\": 10.5, \"end\": 12.5, \"day\": 1}]",
    "id": 52710,
    "exam_time": "2 \u0628\u0647\u0645\u0646 1401\u060c 9:00"
  },
  {
    "info": "\u0627\u062e\u0630 \u062f\u0631\u0633 \u0628\u0631\u0627\u06cc \u062f\u0627\u0646\u0634\u062c\u0648\u06cc\u0627\u0646 \u06a9\u0627\u0631\u0634\u0646\u0627\u0633\u06cc \u0628\u0627 \u0627\u062c\u0627\u0632\u0647 \u0627\u0633\u062a\u0627\u062f \u062f\u0631\u0633\u060c \u0628\u0627 \u062b\u0628\u062a \u062f\u0631\u062e\u0648\u0627\u0633\u062a \u062f\u0631 \u0633\u0627\u0645\u0627\u0646\u0647 \u0622\u0645\u0648\u0632\u0634.\u062d\u062f\u0627\u06a9\u062b\u0631 \u0638\u0631\u0641\u06cc\u062a \u0628\u0631\u0627\u06cc  \u0645\u0642\u0637\u0639  \u06a9\u0627\u0631\u0634\u0646\u0627\u0633\u06cc 0  \u0645\u06cc \u0628\u0627\u0634\u062f.",
    "course_id": "22828-1",
    "course_number": "22828",
    "name": "\u0646\u0638\u0631\u06cc\u0647 \u06cc\u0627\u062f\u06af\u06cc\u0631\u06cc \u0645\u0627\u0634\u06cc\u0646",
    "units": 4,
    "capacity": 30,
    "instructor": "\u0631\u0636\u0627 \u0631\u0636\u0627\u0632\u0627\u062f\u06af\u0627\u0646",
    "class_times": "[{\"start\": 8.0, \"end\": 10.0, \"day\": 4}, {\"start\": 8.0, \"end\": 10.0, \"day\": 1}]",
    "id": 52721,
    "exam_time": "25 \u062f\u06cc 1401\u060c 9:00"
  },
  {
    "info": "\u0627\u062e\u0630 \u062f\u0631\u0633 \u0628\u0631\u0627\u06cc \u062f\u0627\u0646\u0634\u062c\u0648\u06cc\u0627\u0646 \u06a9\u0627\u0631\u0634\u0646\u0627\u0633\u06cc \u0628\u0627 \u0627\u062c\u0627\u0632\u0647 \u0627\u0633\u062a\u0627\u062f \u062f\u0631\u0633\u060c \u0628\u0627 \u062b\u0628\u062a \u062f\u0631\u062e\u0648\u0627\u0633\u062a \u062f\u0631 \u0633\u0627\u0645\u0627\u0646\u0647 \u0622\u0645\u0648\u0632\u0634.\u062d\u062f\u0627\u06a9\u062b\u0631 \u0638\u0631\u0641\u06cc\u062a \u0628\u0631\u0627\u06cc  \u0645\u0642\u0637\u0639  \u06a9\u0627\u0631\u0634\u0646\u0627\u0633\u06cc 0  \u0645\u06cc \u0628\u0627\u0634\u062f.",
    "course_id": "22840-1",
    "course_number": "22840",
    "name": "\u0645\u0628\u0627\u062d\u062b \u067e\u06cc\u0634\u0631\u0641\u062a\u0647 \u062f\u0631 \u0627\u0644\u06af\u0648\u0631\u06cc\u062a\u0645\u200c\u0647\u0627",
    "units": 4,
    "capacity": 30,
    "instructor": "\u0639\u0644\u06cc\u0631\u0636\u0627 \u0632\u0627\u0631\u0639\u06cc",
    "class_times": "[{\"start\": 10.5, \"end\": 12.5, \"day\": 3}, {\"start\": 10.5, \"end\": 12.5, \"day\": 1}]",
    "id": 52722,
    "exam_time": "2 \u0628\u0647\u0645\u0646 1401\u060c 9:00"
  },
  {
    "info": "",
    "course_id": "22970-1",
    "course_number": "22970",
    "name": "\u067e\u0627\u06cc\u0627\u0646\u200c\u0646\u0627\u0645\u0647 \u06a9\u0627\u0631\u0634\u0646\u0627\u0633\u06cc\u200c\u0627\u0631\u0634\u062f",
    "units": 0,
    "capacity": -1,
    "instructor": "",
    "class_times": "[]",
    "id": 52334,
    "exam_time": ""
  },
  {
    "info": "\u062d\u062f\u0627\u06a9\u062b\u0631 \u0638\u0631\u0641\u06cc\u062a \u0628\u0631\u0627\u06cc  \u0645\u0642\u0637\u0639  \u06a9\u0627\u0631\u0634\u0646\u0627\u0633\u06cc \u0627\u0631\u0634\u062f \u062f\u0627\u0646\u0634\u06a9\u062f\u0647  \u0639\u0644\u0648\u0645 \u0631\u06cc\u0627\u0636\u06cc 15  \u0645\u06cc \u0628\u0627\u0634\u062f.\u062d\u062f\u0627\u06a9\u062b\u0631 \u0638\u0631\u0641\u06cc\u062a \u0628\u0631\u0627\u06cc  \u0645\u0642\u0637\u0639  \u06a9\u0627\u0631\u0634\u0646\u0627\u0633\u06cc \u062f\u0627\u0646\u0634\u06a9\u062f\u0647  \u0639\u0644\u0648\u0645 \u0631\u06cc\u0627\u0636\u06cc 20  \u0645\u06cc \u0628\u0627\u0634\u062f.\u062d\u062f\u0627\u06a9\u062b\u0631 \u0638\u0631\u0641\u06cc\u062a \u0628\u0631\u0627\u06cc  \u0645\u0642\u0637\u0639  \u06a9\u0627\u0631\u0634\u0646\u0627\u0633\u06cc 0  \u0645\u06cc \u0628\u0627\u0634\u062f.",
    "course_id": "22151-1",
    "course_number": "22151",
    "name": "\u0646\u0638\u0631\u06cc\u0647 \u06af\u0631\u0627\u0641 \u06f1",
    "units": 4,
    "capacity": 35,
    "instructor": "\u062c\u0648\u0627\u062f \u0627\u0628\u0631\u0627\u0647\u06cc\u0645\u06cc \u0628\u0631\u0648\u062c\u0646\u06cc",
    "class_times": "[{\"start\": 15.0, \"end\": 17.0, \"day\": 3}, {\"start\": 15.0, \"end\": 17.0, \"day\": 1}]",
    "id": 52725,
    "exam_time": "22 \u062f\u06cc 1401\u060c 15:00"
  },
  {
    "info": "\u062d\u062f\u0627\u06a9\u062b\u0631 \u0638\u0631\u0641\u06cc\u062a \u0628\u0631\u0627\u06cc  \u0645\u0642\u0637\u0639  \u06a9\u0627\u0631\u0634\u0646\u0627\u0633\u06cc \u062f\u0627\u0646\u0634\u06a9\u062f\u0647  \u0639\u0644\u0648\u0645 \u0631\u06cc\u0627\u0636\u06cc 45  \u0645\u06cc \u0628\u0627\u0634\u062f.\u062d\u062f\u0627\u06a9\u062b\u0631 \u0638\u0631\u0641\u06cc\u062a \u0628\u0631\u0627\u06cc  \u0645\u0642\u0637\u0639  \u06a9\u0627\u0631\u0634\u0646\u0627\u0633\u06cc 0  \u0645\u06cc \u0628\u0627\u0634\u062f.",
    "course_id": "22887-1",
    "course_number": "22887",
    "name": "\u0627\u0635\u0648\u0644 \u0633\u06cc\u0633\u062a\u0645\u0647\u0627\u06cc \u06a9\u0627\u0645\u067e\u06cc\u0648\u062a\u0631\u06cc",
    "units": 4,
    "capacity": 45,
    "instructor": "\u0644\u0627\u0644\u0647 \u0627\u0631\u0634\u062f\u06cc",
    "class_times": "[{\"start\": 15.0, \"end\": 17.0, \"day\": 2}, {\"start\": 15.0, \"end\": 17.0, \"day\": 0}]",
    "id": 52708,
    "exam_time": "1 \u0628\u0647\u0645\u0646 1401\u060c 9:00"
  },
  {
    "info": "\u062d\u062f\u0627\u06a9\u062b\u0631 \u0638\u0631\u0641\u06cc\u062a \u0628\u0631\u0627\u06cc  \u0645\u0642\u0637\u0639  \u06a9\u0627\u0631\u0634\u0646\u0627\u0633\u06cc \u062f\u0627\u0646\u0634\u06a9\u062f\u0647  \u0639\u0644\u0648\u0645 \u0631\u06cc\u0627\u0636\u06cc 45  \u0645\u06cc \u0628\u0627\u0634\u062f.\u062d\u062f\u0627\u06a9\u062b\u0631 \u0638\u0631\u0641\u06cc\u062a \u0628\u0631\u0627\u06cc  \u0645\u0642\u0637\u0639  \u06a9\u0627\u0631\u0634\u0646\u0627\u0633\u06cc 0  \u0645\u06cc \u0628\u0627\u0634\u062f.",
    "course_id": "22118-1",
    "course_number": "22118",
    "name": "\u062a\u0631\u06a9\u06cc\u0628\u06cc\u0627\u062a \u0648 \u06a9\u0627\u0631\u0628\u0631\u062f\u0647\u0627\u06cc \u0622\u0646",
    "units": 4,
    "capacity": 45,
    "instructor": "\u0633\u0639\u06cc\u062f \u0627\u06a9\u0628\u0631\u06cc \u0641\u06cc\u0636 \u0622\u0628\u0627\u062f\u06cc",
    "class_times": "[{\"start\": 10.5, \"end\": 12.5, \"day\": 2}, {\"start\": 10.5, \"end\": 12.5, \"day\": 0}]",
    "id": 52646,
    "exam_time": "26 \u062f\u06cc 1401\u060c 15:00"
  },
  {
    "info": "\u0627\u062e\u0630 \u062f\u0631\u0633 \u0628\u0631\u0627\u06cc \u062f\u0627\u0646\u0634\u062c\u0648\u06cc\u0627\u0646 \u06a9\u0627\u0631\u0634\u0646\u0627\u0633\u06cc \u0628\u0627 \u0627\u062c\u0627\u0632\u0647 \u0627\u0633\u062a\u0627\u062f \u062f\u0631\u0633\u060c \u0628\u0627 \u062b\u0628\u062a \u062f\u0631\u062e\u0648\u0627\u0633\u062a \u062f\u0631 \u0633\u0627\u0645\u0627\u0646\u0647 \u0622\u0645\u0648\u0632\u0634.\u062d\u062f\u0627\u06a9\u062b\u0631 \u0638\u0631\u0641\u06cc\u062a \u0628\u0631\u0627\u06cc  \u0645\u0642\u0637\u0639  \u06a9\u0627\u0631\u0634\u0646\u0627\u0633\u06cc 0  \u0645\u06cc \u0628\u0627\u0634\u062f.",
    "course_id": "22289-1",
    "course_number": "22289",
    "name": "\u0646\u0638\u0631\u06cc\u0647 \u06a9\u062f\u06af\u0632\u0627\u0631\u06cc",
    "units": 4,
    "capacity": 30,
    "instructor": "\u0633\u06cc\u062f\u0645\u062d\u0645\u062f \u063a\u0644\u0627\u0645\u0632\u0627\u062f\u0647 \u0645\u062d\u0645\u0648\u062f\u06cc",
    "class_times": "[{\"start\": 13.0, \"end\": 15.0, \"day\": 3}, {\"start\": 13.0, \"end\": 15.0, \"day\": 1}]",
    "id": 52712,
    "exam_time": "20 \u062f\u06cc 1401\u060c 9:00"
  },
  {
    "info": "\u062d\u062f\u0627\u06a9\u062b\u0631 \u0638\u0631\u0641\u06cc\u062a \u0628\u0631\u0627\u06cc  \u0645\u0642\u0637\u0639  \u06a9\u0627\u0631\u0634\u0646\u0627\u0633\u06cc \u062f\u0627\u0646\u0634\u06a9\u062f\u0647  \u0639\u0644\u0648\u0645 \u0631\u06cc\u0627\u0636\u06cc 20  \u0645\u06cc \u0628\u0627\u0634\u062f.\u062d\u062f\u0627\u06a9\u062b\u0631 \u0638\u0631\u0641\u06cc\u062a \u0628\u0631\u0627\u06cc  \u0645\u0642\u0637\u0639  \u06a9\u0627\u0631\u0634\u0646\u0627\u0633\u06cc 0  \u0645\u06cc \u0628\u0627\u0634\u062f.\u062d\u062f\u0627\u06a9\u062b\u0631 \u0638\u0631\u0641\u06cc\u062a \u0628\u0631\u0627\u06cc  \u0645\u0642\u0637\u0639  \u06a9\u0627\u0631\u0634\u0646\u0627\u0633\u06cc \u0627\u0631\u0634\u062f 0  \u0645\u06cc \u0628\u0627\u0634\u062f.",
    "course_id": "22189-1",
    "course_number": "22189",
    "name": "\u0622\u062f\u0627\u0628 \u0648 \u0627\u062e\u0644\u0627\u0642 \u0639\u0644\u0645\u06cc",
    "units": 2,
    "capacity": 20,
    "instructor": "\u0645\u06cc\u0631 \u0627\u0645\u06cc\u062f \u062d\u0627\u062c\u06cc  \u0645\u06cc\u0631 \u0635\u0627\u062f\u0642\u06cc",
    "class_times": "[{\"start\": 17.0, \"end\": 19.0, \"day\": 2}]",
    "id": 52726,
    "exam_time": "24 \u062f\u06cc 1401\u060c 15:00"
  },
  {
    "info": "\u062d\u062f\u0627\u06a9\u062b\u0631 \u0638\u0631\u0641\u06cc\u062a \u0628\u0631\u0627\u06cc  \u0645\u0642\u0637\u0639  \u06a9\u0627\u0631\u0634\u0646\u0627\u0633\u06cc \u062f\u0627\u0646\u0634\u06a9\u062f\u0647  \u0639\u0644\u0648\u0645 \u0631\u06cc\u0627\u0636\u06cc 20  \u0645\u06cc \u0628\u0627\u0634\u062f.\u062d\u062f\u0627\u06a9\u062b\u0631 \u0638\u0631\u0641\u06cc\u062a \u0628\u0631\u0627\u06cc  \u0645\u0642\u0637\u0639  \u06a9\u0627\u0631\u0634\u0646\u0627\u0633\u06cc \u0627\u0631\u0634\u062f \u062f\u0627\u0646\u0634\u06a9\u062f\u0647  \u0639\u0644\u0648\u0645 \u0631\u06cc\u0627\u0636\u06cc 15  \u0645\u06cc \u0628\u0627\u0634\u062f.\u062d\u062f\u0627\u06a9\u062b\u0631 \u0638\u0631\u0641\u06cc\u062a \u0628\u0631\u0627\u06cc  \u0645\u0642\u0637\u0639  \u06a9\u0627\u0631\u0634\u0646\u0627\u0633\u06cc 0  \u0645\u06cc \u0628\u0627\u0634\u062f.",
    "course_id": "22059-1",
    "course_number": "22059",
    "name": "\u0646\u0638\u0631\u06cc\u0647 \u0628\u0627\u0632\u06cc\u0647\u0627",
    "units": 3,
    "capacity": 35,
    "instructor": "\u0645\u062c\u062a\u0628\u06cc \u062a\u0641\u0627\u0642",
    "class_times": "[{\"start\": 15.0, \"end\": 16.5, \"day\": 3}, {\"start\": 15.0, \"end\": 16.5, \"day\": 1}]",
    "id": 52724,
    "exam_time": "22 \u062f\u06cc 1401\u060c 9:00"
  },
  {
    "info": "",
    "course_id": "22210-1",
    "course_number": "22210",
    "name": "\u0633\u0645\u06cc\u0646\u0627\u0631 \u062c\u0628\u0631",
    "units": 1,
    "capacity": -1,
    "instructor": "\u0645\u062d\u0645\u062f \u0645\u0647\u062f\u0648\u06cc \u0647\u0632\u0627\u0648\u0647 \u0621",
    "class_times": "[]",
    "id": 52727,
    "exam_time": ""
  },
  {
    "info": "\u0645\u062e\u0635\u0648\u0635 \u062f\u0627\u0646\u0634\u062c\u0648\u06cc\u0627\u0646\u06cc \u06a9\u0647 \u062f\u0641\u0627\u0639 \u062e\u0648\u0627\u0647\u0646\u062f \u06a9\u0631\u062f.",
    "course_id": "22999-1",
    "course_number": "22999",
    "name": "\u062f\u0641\u0627\u0639 \u0627\u0632 \u0631\u0633\u0627\u0644\u0647 \u062f\u06a9\u062a\u0631\u06cc",
    "units": 0,
    "capacity": -1,
    "instructor": "",
    "class_times": "[]",
    "id": 52338,
    "exam_time": ""
  },
  {
    "info": "\u0627\u062e\u0630 \u062f\u0631\u0633 \u0628\u0631\u0627\u06cc \u062f\u0627\u0646\u0634\u062c\u0648\u06cc\u0627\u0646 \u06a9\u0627\u0631\u0634\u0646\u0627\u0633\u06cc \u0628\u0627 \u0627\u062c\u0627\u0632\u0647 \u0627\u0633\u062a\u0627\u062f \u062f\u0631\u0633\u060c \u0628\u0627 \u062b\u0628\u062a \u062f\u0631\u062e\u0648\u0627\u0633\u062a \u062f\u0631 \u0633\u0627\u0645\u0627\u0646\u0647 \u0622\u0645\u0648\u0632\u0634.\u062d\u062f\u0627\u06a9\u062b\u0631 \u0638\u0631\u0641\u06cc\u062a \u0628\u0631\u0627\u06cc  \u0645\u0642\u0637\u0639  \u06a9\u0627\u0631\u0634\u0646\u0627\u0633\u06cc 0  \u0645\u06cc \u0628\u0627\u0634\u062f.",
    "course_id": "22254-1",
    "course_number": "22254",
    "name": "\u062c\u0628\u0631 \u062e\u0637\u06cc \u067e\u06cc\u0634\u0631\u0641\u062a\u0647",
    "units": 4,
    "capacity": 30,
    "instructor": "\u0633\u0639\u06cc\u062f \u0627\u06a9\u0628\u0631\u06cc \u0641\u06cc\u0636 \u0622\u0628\u0627\u062f\u06cc",
    "class_times": "[{\"start\": 10.5, \"end\": 12.5, \"day\": 3}, {\"start\": 10.5, \"end\": 12.5, \"day\": 1}]",
    "id": 52711,
    "exam_time": "2 \u0628\u0647\u0645\u0646 1401\u060c 9:00"
  },
  {
    "info": "\u062d\u062f\u0627\u06a9\u062b\u0631 \u0638\u0631\u0641\u06cc\u062a \u0628\u0631\u0627\u06cc  \u0645\u0642\u0637\u0639  \u06a9\u0627\u0631\u0634\u0646\u0627\u0633\u06cc \u062f\u0627\u0646\u0634\u06a9\u062f\u0647  \u0639\u0644\u0648\u0645 \u0631\u06cc\u0627\u0636\u06cc 45  \u0645\u06cc \u0628\u0627\u0634\u062f.\u062d\u062f\u0627\u06a9\u062b\u0631 \u0638\u0631\u0641\u06cc\u062a \u0628\u0631\u0627\u06cc  \u0645\u0642\u0637\u0639  \u06a9\u0627\u0631\u0634\u0646\u0627\u0633\u06cc 0  \u0645\u06cc \u0628\u0627\u0634\u062f.",
    "course_id": "22121-1",
    "course_number": "22121",
    "name": "\u062a\u0627\u0631\u06cc\u062e \u0631\u06cc\u0627\u0636\u06cc\u0627\u062a",
    "units": 3,
    "capacity": 45,
    "instructor": "\u0645\u0627\u0646\u06cc \u0631\u0636\u0627\u0626\u06cc",
    "class_times": "[{\"start\": 10.5, \"end\": 12.0, \"day\": 2}, {\"start\": 10.5, \"end\": 12.0, \"day\": 0}]",
    "id": 52693,
    "exam_time": "26 \u062f\u06cc 1401\u060c 15:00"
  },
  {
    "info": "CategoryTheory and Its Applications\u062d\u062f\u0627\u06a9\u062b\u0631 \u0638\u0631\u0641\u06cc\u062a \u0628\u0631\u0627\u06cc  \u0645\u0642\u0637\u0639  \u06a9\u0627\u0631\u0634\u0646\u0627\u0633\u06cc \u062f\u0627\u0646\u0634\u06a9\u062f\u0647  \u0639\u0644\u0648\u0645 \u0631\u06cc\u0627\u0636\u06cc 45  \u0645\u06cc \u0628\u0627\u0634\u062f.\u062d\u062f\u0627\u06a9\u062b\u0631 \u0638\u0631\u0641\u06cc\u062a \u0628\u0631\u0627\u06cc  \u0645\u0642\u0637\u0639  \u06a9\u0627\u0631\u0634\u0646\u0627\u0633\u06cc 0  \u0645\u06cc \u0628\u0627\u0634\u062f.",
    "course_id": "22274-1",
    "course_number": "22274",
    "name": "\u0646\u0638\u0631\u06cc\u0647 \u0631\u0633\u062a\u0647 \u0648 \u06a9\u0627\u0631\u0628\u0631\u062f\u0647\u0627\u06cc \u0622\u0646",
    "units": 4,
    "capacity": 45,
    "instructor": "\u0627\u0645\u06cc\u0631 \u062c\u0639\u0641\u0631\u06cc",
    "class_times": "[{\"start\": 10.5, \"end\": 12.5, \"day\": 2}, {\"start\": 10.5, \"end\": 12.5, \"day\": 0}]",
    "id": 52698,
    "exam_time": "26 \u062f\u06cc 1401\u060c 15:00"
  },
  {
    "info": "\u0627\u06cc\u0646 \u062f\u0631\u0633 \u0628\u0627 \u0645\u0648\u0636\u0648\u0639 \u0628\u0647\u06cc\u0646\u0647 \u0633\u0627\u0632\u06cc \u062a\u0631\u06a9\u06cc\u0628\u06cc\u0627\u062a\u06cc \u0627\u0631\u0627\u0626\u0647 \u062e\u0648\u0627\u0647\u062f \u0634\u062f.\u062d\u062f\u0627\u06a9\u062b\u0631 \u0638\u0631\u0641\u06cc\u062a \u0628\u0631\u0627\u06cc  \u0645\u0642\u0637\u0639  \u06a9\u0627\u0631\u0634\u0646\u0627\u0633\u06cc 0  \u0645\u06cc \u0628\u0627\u0634\u062f.\u062d\u062f\u0627\u06a9\u062b\u0631 \u0638\u0631\u0641\u06cc\u062a \u0628\u0631\u0627\u06cc  \u0645\u0642\u0637\u0639  \u06a9\u0627\u0631\u0634\u0646\u0627\u0633\u06cc \u062f\u0627\u0646\u0634\u06a9\u062f\u0647  \u0639\u0644\u0648\u0645 \u0631\u06cc\u0627\u0636\u06cc 45  \u0645\u06cc \u0628\u0627\u0634\u062f.",
    "course_id": "22869-1",
    "course_number": "22869",
    "name": "\u0628\u0631\u0646\u0627\u0645\u0647\u200c\u0646\u0648\u06cc\u0633\u06cc \u0631\u06cc\u0627\u0636\u06cc \u06f2",
    "units": 3,
    "capacity": 45,
    "instructor": "\u062c\u0648\u0627\u062f \u0627\u0628\u0631\u0627\u0647\u06cc\u0645\u06cc \u0628\u0631\u0648\u062c\u0646\u06cc\u060c  \u0639\u0644\u06cc\u0645\u06cc",
    "class_times": "[{\"start\": 9.0, \"end\": 10.5, \"day\": 3}, {\"start\": 9.0, \"end\": 10.5, \"day\": 1}]",
    "id": 52705,
    "exam_time": "25 \u062f\u06cc 1401\u060c 9:00"
  },
  {
    "info": "4\u0648\u0627\u062d\u062f\u06cc \u0627\u062e\u0630 \u0634\u0648\u062f.\u062d\u062f\u0627\u06a9\u062b\u0631 \u0638\u0631\u0641\u06cc\u062a \u0628\u0631\u0627\u06cc  \u0645\u0642\u0637\u0639  \u06a9\u0627\u0631\u0634\u0646\u0627\u0633\u06cc \u062f\u0627\u0646\u0634\u06a9\u062f\u0647  \u0639\u0644\u0648\u0645 \u0631\u06cc\u0627\u0636\u06cc 20  \u0645\u06cc \u0628\u0627\u0634\u062f.\u062d\u062f\u0627\u06a9\u062b\u0631 \u0638\u0631\u0641\u06cc\u062a \u0628\u0631\u0627\u06cc  \u0645\u0642\u0637\u0639  \u06a9\u0627\u0631\u0634\u0646\u0627\u0633\u06cc \u0627\u0631\u0634\u062f \u062f\u0627\u0646\u0634\u06a9\u062f\u0647  \u0639\u0644\u0648\u0645 \u0631\u06cc\u0627\u0636\u06cc 15  \u0645\u06cc \u0628\u0627\u0634\u062f.\u062d\u062f\u0627\u06a9\u062b\u0631 \u0638\u0631\u0641\u06cc\u062a \u0628\u0631\u0627\u06cc  \u0645\u0642\u0637\u0639  \u06a9\u0627\u0631\u0634\u0646\u0627\u0633\u06cc 0  \u0645\u06cc \u0628\u0627\u0634\u062f.",
    "course_id": "22813-1",
    "course_number": "22813",
    "name": "\u0645\u0642\u062f\u0645\u0647\u200c\u0627\u06cc \u0628\u0631 \u0631\u0645\u0632\u200c\u0646\u06af\u0627\u0631\u06cc",
    "units": 0,
    "capacity": 35,
    "instructor": "\u0634\u0647\u0631\u0627\u0645 \u062e\u0632\u0627\u0626\u06cc",
    "class_times": "[{\"start\": 13.0, \"end\": 15.0, \"day\": 3}, {\"start\": 13.0, \"end\": 15.0, \"day\": 1}]",
    "id": 52729,
    "exam_time": "20 \u062f\u06cc 1401\u060c 9:00"
  }
]
